"Name","Status","Bytes","Url"
"Northrop_IBCS_Overview.pdf","OK","17173725","https://cdn.northropgrumman.com/-/media/Project/Northrop-Grumman/ngc/what-we-do/events/online-media-kit/IBCS/DS_IBCS_Flipbook-DRAFT-v20_PRINT.pdf"
"Northrop_IBCS_Timeline.pdf","OK","2222941","https://cdn-uat.northropgrumman.com/-/media/Project/Northrop-Grumman/ngc/what-we-do/land/ibcs/FINAL-IBCS-Milestone-Timeline-Print-Version.pdf?rev=540a1509670749e29c53a022106fed73"
"Lockheed_Anduril_Q53_Lattice_2024.pdf","OK","18008","https://news.lockheedmartin.com/2024-11-13-Lockheed-Martin-and-Anduril-Join-Forces-to-Successfully-Detect-and-Track-Drone-Threats-in-Middle-East?asPDF=1"
"Rheinmetall_Anduril_MOU_2024.pdf","OK","559651","https://www.rheinmetall.com/Rheinmetall%20Group/Presse/News/Documents/2024/06/2024-06-19-rad-and-anduril-industries-sign-mou.pdf"
"C_UAS_USA_Market_Report_2024.pdf","OK","746800","https://eco-cdn.iqpc.com/eco/files/event_content/c-uas-usa-market-report-2024-29uu5atnGEGdqYnFzI4HnMUOQIra4uRaO5sarqTbbF.pdf"
"Anduril_Lattice_Developer_Concepts.html","FAIL: Response status code does not indicate success: 403 (Forbidden).","0","https://developer.anduril.com/guides/concepts/overview"
"Anduril_Lattice_Developer_Principles.html","FAIL: Response status code does not indicate success: 403 (Forbidden).","0","https://developer.anduril.com/guides/concepts/principles"
"Anduril_Lattice_Entities.html","FAIL: Response status code does not indicate success: 403 (Forbidden).","0","https://developer.anduril.com/guides/entities/overview"
"Anduril_Lattice_Tasks.html","FAIL: Response status code does not indicate success: 403 (Forbidden).","0","https://developer.anduril.com/guides/tasks/overview"
"DefenseScoop_Anduril_IBCSM_2025.html","OK","116998","https://defensescoop.com/2025/11/11/army-ibcs-maneuver-anduril-lattice-counter-uas/"
"Army_IBCS_Future_Integrated_Fires_2026.html","OK","27250","https://www.army.mil/article/290087/ibcs_and_the_future_of_offensive_and_defensive_integrated_fires"
"ASD_Anduril_IBCSM_2025.html","OK","56141","https://www.asdnews.com/news/defense/2025/11/10/anduril-selected-us-armys-integrated-battle-command-system-maneuver-program"
"ASD_Anduril_DIU_ACT_2024.html","OK","57408","https://www.asdnews.com/news/defense/2024/11/20/diu-selects-anduril-enable-collaborative-autonomy-replicator-systems"
"ASD_Anduril_USNORTHCOM_CUAS_2025.html","OK","53967","https://www.asdnews.com/news/defense/2025/10/17/anduril-demos-delivers-counteruas-capabilities-usnorthcom-at-falcon-peak-252"
"Epirus_Anduril_Leonidas_Lattice_2023.html","OK","144818","https://www.epirusinc.com/press-releases/anduril-and-epirus-integration-leads-to-new-counter-uas-capability-2"
"EPICOS_Anduril_Pulsar_2024.html","FAIL: Response status code does not indicate success: 401 (Unauthorized).","0","https://www.epicos.com/article/798665/anduril-announces-pulsar-family-ai-enabled-electromagnetic-warfare-systems"
